{
    "foreground_intensity_properties_per_channel": {
        "0": {
            "max": 13.249138832092285,
            "mean": 4.535984516143799,
            "median": 4.271058082580566,
            "min": 0.5066230297088623,
            "percentile_00_5": 2.3823373317718506,
            "percentile_99_5": 9.288919448852539,
            "std": 1.2740685939788818
        }
    },
    "median_relative_size_after_cropping": 0.9801287761284522,
    "shapes_after_crop": [
        [
            170,
            219,
            190
        ],
        [
            159,
            216,
            195
        ],
        [
            183,
            224,
            180
        ],
        [
            159,
            233,
            195
        ],
        [
            150,
            214,
            175
        ],
        [
            159,
            233,
            195
        ],
        [
            159,
            233,
            195
        ],
        [
            159,
            233,
            195
        ],
        [
            159,
            233,
            195
        ],
        [
            149,
            204,
            188
        ],
        [
            187,
            213,
            192
        ],
        [
            159,
            233,
            195
        ],
        [
            159,
            219,
            194
        ],
        [
            159,
            214,
            187
        ],
        [
            159,
            233,
            195
        ],
        [
            158,
            231,
            194
        ],
        [
            189,
            224,
            176
        ],
        [
            159,
            233,
            195
        ],
        [
            159,
            233,
            195
        ],
        [
            159,
            233,
            185
        ],
        [
            189,
            233,
            197
        ],
        [
            164,
            215,
            185
        ],
        [
            159,
            216,
            195
        ],
        [
            159,
            225,
            187
        ],
        [
            159,
            189,
            176
        ],
        [
            159,
            225,
            195
        ],
        [
            159,
            233,
            195
        ],
        [
            159,
            226,
            186
        ],
        [
            159,
            223,
            191
        ],
        [
            159,
            226,
            195
        ],
        [
            159,
            233,
            195
        ],
        [
            159,
            233,
            195
        ],
        [
            176,
            218,
            175
        ],
        [
            184,
            214,
            184
        ],
        [
            189,
            233,
            197
        ],
        [
            159,
            233,
            195
        ],
        [
            159,
            214,
            195
        ],
        [
            159,
            233,
            195
        ],
        [
            159,
            222,
            191
        ],
        [
            159,
            233,
            193
        ],
        [
            180,
            225,
            197
        ],
        [
            184,
            213,
            175
        ],
        [
            189,
            232,
            197
        ],
        [
            176,
            221,
            189
        ],
        [
            159,
            233,
            195
        ],
        [
            159,
            233,
            195
        ],
        [
            159,
            218,
            194
        ],
        [
            189,
            233,
            197
        ],
        [
            159,
            233,
            195
        ],
        [
            159,
            233,
            195
        ],
        [
            159,
            231,
            195
        ],
        [
            159,
            233,
            195
        ],
        [
            159,
            219,
            195
        ],
        [
            159,
            233,
            195
        ],
        [
            159,
            233,
            195
        ],
        [
            159,
            233,
            195
        ],
        [
            159,
            233,
            195
        ],
        [
            175,
            219,
            176
        ],
        [
            159,
            228,
            193
        ],
        [
            159,
            233,
            195
        ],
        [
            159,
            218,
            195
        ],
        [
            189,
            221,
            181
        ],
        [
            159,
            233,
            195
        ]
    ],